EE_ID,FIRST_NAME,LAST_NAME,BENEFITS_STATUS_CODE,HIRE_DT,TERM_DT
1,Aldin,Roose,ACTIVE,03/19/2015,
2,Myrtia,Whatling,STDUN1,09/06/2015,01/05/2020
3,Augustine,Vogelein,INELG1,03/05/2014,
4,Cristionna,Killby,TERM01,03/14/2018,
5,Elena,Cuddehay,ACTIVE,12/29/2018,
6,Chelsea,Chalmers,TERM01,11/01/2015,
7,Clara,Ghione,INELG1,05/27/2018,
8,Joella,Dionisio,TERM01,07/07/2017,
9,Raynard,Harry,TERM01,07/27/2018,02/27/2020
10,Sophie,Tripcony,ACTIVE,04/05/2016,
11,Annetta,Girardin,INELG1,05/03/2016,08/08/2020
12,Howey,Lightbourn,ACTIVE,11/05/2014,
13,Georgianne,Mewis,INELG1,11/21/2017,10/06/2020
14,Veda,Saffen,TERM01,11/20/2017,
15,Iolanthe,Dorre,STDUN1,03/12/2019,
16,Joell,Skillington,TERM01,03/05/2015,
17,Slade,Marnane,DTH15,09/02/2017,07/09/2020
18,Pembroke,Abbatini,ACTIVE,07/16/2015,
19,Florencia,Huckerby,INELG1,06/02/2017,
20,Kathe,Ranson,INELG1,07/03/2014,
21,Nettie,McGeaney,TERM01,04/22/2015,
22,Wood,MacAllan,STDUN1,10/24/2014,
23,Salem,Roisen,ACTIVE,07/28/2017,
24,Tove,Thatcher,DTH15,12/09/2013,08/30/2020
25,Wake,Tonbridge,ACTIVE,12/11/2014,
26,Miriam,Pimbley,TERM01,11/10/2014,
27,Modesty,Andren,STDUN1,03/21/2016,
28,Jodi,Lamers,STDUN1,11/14/2016,
29,Elvira,Castiglio,STDUN1,04/11/2016,
30,Friederike,Spittles,ACTIVE,07/18/2019,06/10/2020
31,Jaquelyn,Edgeson,TERM01,05/27/2017,08/02/2020
32,Candie,Ramos,TERM01,12/06/2015,10/02/2020
33,Ollie,Audrey,STDUN1,04/27/2017,05/04/2020
34,Janina,Roast,DTH15,11/01/2014,
35,Hamil,Mosen,TERM01,10/09/2016,09/10/2020
36,Ginevra,Leasor,ACTIVE,04/21/2014,
37,Dido,Loeber,DTH15,08/06/2015,
38,Antoine,Setterfield,ACTIVE,11/05/2013,10/19/2020
39,Hayward,Wormald,DTH15,08/22/2015,06/05/2020
40,Ondrea,Gerlack,ACTIVE,01/05/2014,08/31/2020
41,Carolann,Sivyer,INELG1,03/13/2018,
42,Shelby,Standish-Brooks,ACTIVE,05/23/2019,03/04/2020
43,Trey,Crummey,INELG1,02/04/2016,11/11/2019
44,Aland,McLernon,INELG1,05/03/2014,
45,Anni,Nannetti,ACTIVE,01/31/2016,06/10/2020
46,Dorree,Dunkirk,STDUN1,07/23/2016,
47,Deborah,Stockow,ACTIVE,06/28/2016,
48,Gusta,Valder,ACTIVE,10/09/2016,
49,Tuckie,McKeney,ACTIVE,08/30/2014,
50,Renado,Weavill,TERM01,05/07/2015,
51,Lise,Titt,STDUN1,06/13/2016,02/18/2020
52,Constantin,McOnie,ACTIVE,11/03/2015,
53,Raven,Willshaw,DTH15,12/19/2018,
54,Jeth,Dryburgh,TERM01,03/04/2015,07/23/2020
55,Agace,Rizzardini,INELG1,08/23/2019,
56,Rik,Videan,TERM01,11/24/2018,08/19/2020
57,Juan,Quarmby,ACTIVE,03/14/2019,10/22/2019
58,Shana,Antonacci,INELG1,02/10/2018,
59,Ham,Thaxter,STDUN1,12/22/2013,
60,Daveen,Mifflin,INELG1,10/27/2015,
61,Carol-jean,Brazier,INELG1,11/27/2013,04/15/2020
62,Dari,Hunnawill,DTH15,03/09/2018,
63,Marguerite,Grahame,TERM01,06/07/2014,
64,Tessi,Torres,ACTIVE,02/08/2015,
65,Harlene,Fleote,INELG1,11/21/2013,
66,Sybil,Waterstone,INELG1,10/09/2014,
67,Grenville,Keedwell,ACTIVE,05/29/2015,
68,Jaclyn,McLaren,STDUN1,04/05/2018,08/24/2020
69,Kirby,Abdy,INELG1,08/04/2015,
70,Stormi,Gavini,TERM01,08/22/2016,02/24/2020
71,Sheryl,Tunnick,STDUN1,12/22/2014,04/29/2020
72,Fiona,Muglestone,TERM01,07/04/2017,
73,Flor,Sheffield,TERM01,12/25/2014,
74,Casper,Brodie,ACTIVE,07/15/2015,
75,Kellen,Clewes,TERM01,01/06/2015,
76,Ermengarde,Haibel,DTH15,09/22/2014,
77,Nate,Kaplan,DTH15,06/01/2018,
78,Shelia,Linner,STDUN1,08/23/2015,
79,Jackie,Shreeves,STDUN1,12/27/2013,
80,Charisse,Worley,ACTIVE,07/11/2017,
81,Arabela,Simeone,STDUN1,01/11/2016,
82,Hubie,Izkovitch,TERM01,07/27/2015,
83,Titus,Hadlington,ACTIVE,09/17/2014,
84,Cynthea,Whibley,TERM01,12/05/2016,
85,Nikola,Greeson,INELG1,01/03/2015,
86,Alisha,Quigley,INELG1,10/10/2019,
87,Ofilia,Warlock,TERM01,06/17/2019,
88,Alleen,Laugherane,TERM01,02/02/2017,
89,Florinda,Arnely,DTH15,07/10/2019,08/20/2020
90,Haze,West-Frimley,STDUN1,07/17/2019,
91,Madella,Bettinson,INELG1,07/08/2018,06/10/2020
92,Oralle,Wollrauch,INELG1,06/07/2017,03/09/2020
93,Moira,Lochrie,STDUN1,02/07/2015,03/04/2020
94,Mollie,Souttar,TERM01,05/12/2015,
95,Kylila,Blackett,TERM01,02/17/2017,09/20/2020
96,Vincenz,Teese,ACTIVE,03/05/2016,
97,Shannah,Grishanov,INELG1,10/04/2014,03/31/2020
98,Ilise,Rasell,INELG1,06/09/2014,11/16/2019
99,Waldo,Holdforth,ACTIVE,01/07/2014,02/15/2020
100,Tatiana,Donoher,ACTIVE,11/29/2013,
101,Conny,Juden,TERM01,01/13/2017,
102,Alexis,Mengo,STDUN1,04/16/2019,
103,Marji,Lorden,TERM01,08/20/2015,
104,Yalonda,Cawker,INELG1,05/27/2015,07/30/2020
105,Russell,Rivalland,DTH15,02/12/2015,03/13/2020
106,Auguste,Blinman,STDUN1,05/03/2014,
107,Nilson,Bootton,TERM01,08/20/2015,
108,Klemens,Commucci,INELG1,06/17/2019,01/09/2020
109,Sandy,Gaither,STDUN1,09/29/2016,02/17/2020
110,Salome,Frentz,INELG1,02/03/2014,08/02/2020
111,Corty,Mattek,INELG1,03/24/2018,
112,Ame,Mulrenan,DTH15,06/29/2017,06/10/2020
113,Martie,Hayman,TERM01,10/30/2014,10/08/2020
114,Ailsun,Daouze,STDUN1,05/29/2016,07/20/2020
115,Lazaro,Jagiello,ACTIVE,11/12/2013,
116,Casey,Wands,DTH15,06/26/2015,
117,Gay,Ondrich,STDUN1,12/23/2015,06/12/2020
118,Celisse,Middleweek,TERM01,07/20/2016,11/20/2019
119,Alfreda,Stanton,DTH15,11/13/2017,09/06/2020
120,Wren,Christofides,ACTIVE,01/04/2017,01/24/2020
121,Riccardo,Ugoni,ACTIVE,08/05/2015,01/07/2020
122,Erin,Brun,TERM01,04/12/2017,
123,Chip,Gernier,STDUN1,06/24/2017,
124,Xavier,Corbyn,DTH15,04/14/2019,05/05/2020
125,Renae,Newling,ACTIVE,12/01/2015,
126,Haywood,Coppock.,TERM01,05/31/2015,
127,Leann,Chiplen,INELG1,08/22/2014,
128,Candy,Glisenan,DTH15,10/28/2014,11/02/2019
129,Elsey,Riden,TERM01,05/04/2017,
130,Paulita,Skures,INELG1,10/17/2017,
131,Ailsun,Landall,ACTIVE,12/24/2014,
132,Gerick,Rooksby,TERM01,07/19/2019,06/16/2020
133,Lonny,Lear,TERM01,10/10/2014,
134,Quintana,Bladder,INELG1,10/03/2018,
135,Darill,Takkos,DTH15,12/31/2015,07/17/2020
136,Caldwell,Ganny,ACTIVE,04/22/2017,
137,Stacy,Jilkes,TERM01,01/06/2016,01/24/2020
138,Klara,Bointon,ACTIVE,12/18/2018,04/23/2020
139,Gayler,Bazoche,ACTIVE,08/12/2016,
140,Donia,Craythorn,TERM01,06/08/2016,07/31/2020
141,Annamaria,MacRonald,TERM01,09/30/2016,
142,Rolland,Lavelle,ACTIVE,04/23/2014,
143,Elene,Rapin,STDUN1,03/12/2017,10/13/2020
144,Magdalena,Antonetti,TERM01,04/04/2019,
145,Langsdon,Kingswood,TERM01,08/28/2019,05/30/2020
146,Merrill,Dobbie,DTH15,09/20/2015,
147,Nert,Weson,INELG1,09/22/2015,
148,Abraham,Helsdon,INELG1,01/02/2019,
149,Zorine,Stoppard,DTH15,12/04/2014,
150,Nanni,Linley,TERM01,04/24/2018,
151,Danielle,Cotta,ACTIVE,03/14/2014,
152,Spence,Just,STDUN1,02/28/2017,
153,Lou,Rawlcliffe,STDUN1,07/29/2019,11/19/2019
154,Nikita,Mangham,DTH15,03/12/2016,06/23/2020
155,Zorine,Stansbury,STDUN1,10/27/2018,
156,Dynah,Bickford,DTH15,07/03/2018,
157,Northrop,McRory,ACTIVE,07/10/2014,
158,Nathanial,Baglow,STDUN1,04/03/2018,02/24/2020
159,Brandice,Schrieves,INELG1,10/28/2016,05/15/2020
160,Herbert,Preston,ACTIVE,06/21/2014,
161,Damian,Robert,STDUN1,01/01/2015,
162,Derby,Shadbolt,ACTIVE,04/23/2019,12/29/2019
163,Kakalina,Baudouin,TERM01,01/05/2019,10/01/2020
164,Phaedra,Harold,ACTIVE,08/03/2016,
165,Constancia,Bowmen,TERM01,01/09/2014,12/31/2019
166,Carla,Adelsberg,TERM01,09/24/2019,01/19/2020
167,Heinrik,Gierth,DTH15,05/11/2014,06/24/2020
168,Boniface,Rainy,STDUN1,06/21/2016,
169,Henrik,Neem,INELG1,10/26/2018,
170,Chevy,Jojic,ACTIVE,05/15/2015,
171,Cornelle,Von Oertzen,TERM01,06/13/2015,
172,Russ,Belcham,STDUN1,02/04/2014,02/03/2020
173,Patrizia,Brownjohn,INELG1,03/29/2019,
174,Nilson,Marusyak,DTH15,07/03/2014,
175,Cherye,Whapham,DTH15,09/28/2014,12/09/2019
176,Nealson,Taylerson,DTH15,12/25/2015,07/18/2020
177,Zak,Kellick,DTH15,10/04/2016,
178,Auria,Custed,DTH15,12/30/2017,06/17/2020
179,Nev,Toffel,TERM01,10/28/2015,10/06/2020
180,Marshal,Barz,DTH15,12/27/2017,02/28/2020
181,Steven,Bamborough,ACTIVE,08/15/2019,01/15/2020
182,Dehlia,Lambird,TERM01,06/16/2016,
183,Leanor,Bickle,TERM01,07/06/2017,
184,Biron,Stillgoe,STDUN1,08/21/2017,
185,Pammy,Mytton,DTH15,01/17/2017,07/04/2020
186,Zarah,Soppett,TERM01,03/14/2019,05/22/2020
187,Sherilyn,Mouatt,DTH15,02/28/2017,08/03/2020
188,Shurlock,Jeromson,INELG1,05/21/2015,
189,Merrick,McNirlan,INELG1,11/15/2013,
190,Ethelyn,Elgy,STDUN1,07/18/2016,
191,Harley,Lunam,TERM01,08/27/2014,05/08/2020
192,Alon,Ainslie,ACTIVE,11/17/2015,
193,Rodi,Wallice,INELG1,02/28/2017,
194,Noll,Nussen,TERM01,01/09/2015,
195,Cordi,Othick,ACTIVE,11/18/2018,
196,Shepperd,Engall,TERM01,11/20/2015,11/11/2019
197,Margeaux,Singh,TERM01,01/12/2019,
198,Franni,Iddens,TERM01,07/10/2017,
199,Maud,Jeffery,TERM01,02/25/2017,
200,Elna,Baudin,TERM01,01/12/2019,
201,Kathe,Burgill,INELG1,10/09/2014,
202,Gray,Wadham,DTH15,09/21/2015,
203,Guillermo,Drexel,INELG1,09/11/2018,
204,Theodosia,Gowers,TERM01,07/03/2018,11/21/2019
205,Dermot,Truesdale,STDUN1,03/13/2018,10/16/2020
206,Reba,Compson,ACTIVE,12/09/2016,03/24/2020
207,Erskine,Moffatt,TERM01,04/02/2017,12/05/2019
208,Holmes,Riach,TERM01,12/18/2018,
209,Kaela,Dummett,TERM01,07/08/2018,
210,Merrick,Clampe,DTH15,10/01/2018,
211,Rolland,Woolvin,ACTIVE,06/09/2017,
212,Lanette,Sorton,STDUN1,09/02/2016,12/05/2019
213,Carley,Cadigan,STDUN1,05/09/2019,
214,Laurent,Alexandrescu,ACTIVE,03/24/2018,
215,Jaquenetta,Gamage,TERM01,12/02/2017,
216,Brant,Gliddon,ACTIVE,05/15/2015,
217,Cozmo,Cottier,ACTIVE,06/04/2016,
218,Heinrick,Di Bartolomeo,DTH15,05/02/2015,01/07/2020
219,Erwin,Dudden,STDUN1,06/16/2014,09/03/2020
220,Jock,Stockill,DTH15,11/05/2017,
221,Onofredo,Sanney,STDUN1,07/02/2015,
222,Delainey,Richardt,ACTIVE,08/31/2017,06/16/2020
223,Orelee,Yeabsley,STDUN1,07/23/2014,
224,Man,Le Fleming,INELG1,07/22/2014,
225,Benni,Bagshawe,ACTIVE,06/07/2018,09/13/2020
226,Shena,Ransley,STDUN1,01/30/2015,07/30/2020
227,Sauncho,Darrington,ACTIVE,08/20/2014,
228,Marys,Mattiacci,INELG1,11/06/2015,
229,Hamlin,Juris,DTH15,01/29/2019,
230,Meade,Pressey,TERM01,03/16/2017,10/10/2020
231,Stafford,Piniur,ACTIVE,04/21/2017,08/27/2020
232,Layne,Winterton,STDUN1,11/12/2018,06/12/2020
233,Jerrie,Knightley,DTH15,10/27/2016,
234,Chick,Sowrey,DTH15,07/17/2017,
235,Lil,Jallin,TERM01,08/01/2014,
236,Gwenny,Sheara,ACTIVE,07/20/2016,
237,Jeffrey,Bernetti,STDUN1,09/23/2016,
238,Margit,Whear,ACTIVE,04/17/2018,
239,Nessie,Heartfield,ACTIVE,09/24/2016,
240,Rodolfo,Robken,ACTIVE,01/28/2016,
241,Ericha,Dumberrill,ACTIVE,05/31/2017,09/19/2020
242,Sigrid,Kneaphsey,STDUN1,03/28/2015,12/10/2019
243,Farleigh,Elsdon,ACTIVE,02/18/2019,
244,Rowen,Sheryne,DTH15,11/26/2015,
245,Roby,Labat,TERM01,01/25/2014,05/10/2020
246,Stacy,Helis,STDUN1,06/02/2018,
247,Etan,Leming,DTH15,06/12/2018,02/17/2020
248,Royce,Erett,TERM01,10/27/2018,
249,Devin,Peagrim,STDUN1,02/08/2017,
250,Emmery,Jackman,INELG1,02/09/2015,
251,Daisie,Rosenbush,INELG1,08/05/2014,01/27/2020
252,Selie,Mees,INELG1,07/09/2014,07/20/2020
253,Saunder,O'Dunniom,INELG1,05/13/2015,
254,Tull,Titcombe,TERM01,10/14/2014,
255,Vivian,Casaro,DTH15,07/30/2019,04/27/2020
256,Gibby,Deeley,ACTIVE,04/20/2016,
257,Babs,de Nore,DTH15,11/23/2015,01/05/2020
258,Mirabelle,Patshull,INELG1,10/11/2018,
259,Marquita,Arnaudin,TERM01,07/25/2018,03/14/2020
260,Rutledge,Holywell,TERM01,08/14/2015,12/26/2019
261,Obed,Raffels,STDUN1,10/06/2019,01/28/2020
262,Sonny,Ibert,STDUN1,10/13/2015,
263,Jacquetta,Harrington,TERM01,03/26/2016,
264,Wald,Wanley,INELG1,08/19/2018,08/11/2020
265,Rosalinde,Goghin,DTH15,12/29/2014,04/06/2020
266,Sawyer,Sholl,INELG1,02/25/2016,09/22/2020
267,Barnabas,Gettens,TERM01,12/01/2016,
268,Darcy,Cristofor,DTH15,01/18/2016,02/29/2020
269,Isidora,Siehard,STDUN1,01/29/2017,06/11/2020
270,Hedy,Horbart,INELG1,04/09/2016,02/08/2020
271,Rhetta,Cashell,ACTIVE,08/16/2016,
272,Cassaundra,Beer,DTH15,02/19/2019,
273,Courtnay,Millsap,INELG1,10/12/2018,
274,Wait,Fitkin,TERM01,07/07/2019,
275,Maryjane,Halkyard,ACTIVE,10/03/2014,
276,El,Cassie,TERM01,09/27/2019,09/25/2020
277,Fergus,Wedlock,INELG1,09/17/2016,
278,Fabe,Neeves,ACTIVE,08/27/2016,11/20/2019
279,Pattin,Showers,DTH15,02/28/2018,
280,Mercedes,Kinastan,DTH15,05/24/2018,11/17/2019
281,Jo-anne,Sharples,INELG1,07/17/2018,
282,Elizabeth,Swainsbury,ACTIVE,08/20/2015,
283,Colas,Ericsson,ACTIVE,11/11/2018,08/23/2020
284,Jordan,Bison,STDUN1,04/02/2016,11/09/2019
285,Emelyne,Zuppa,STDUN1,11/11/2015,12/31/2019
286,Ebenezer,Grahamslaw,STDUN1,01/14/2016,08/25/2020
287,Reece,Borgnet,DTH15,09/16/2014,10/04/2020
288,Rickert,Budden,ACTIVE,09/01/2019,
289,Abey,Kuban,STDUN1,05/27/2014,
290,Ringo,Rushbury,INELG1,05/31/2019,
291,Ogdon,Southeran,STDUN1,09/28/2016,
292,Junina,Bleddon,ACTIVE,08/14/2018,
293,Mel,Gilardone,DTH15,05/12/2018,
294,Nessie,Gainsford,DTH15,08/19/2014,
295,Jeromy,McQuirter,STDUN1,10/19/2017,
296,Tonye,Darragon,ACTIVE,10/04/2016,05/15/2020
297,Averyl,Swaysland,STDUN1,07/11/2015,
298,Clarita,Clarson,DTH15,03/30/2014,
299,Essa,Millard,TERM01,02/14/2016,11/08/2019
300,Lidia,Marrion,STDUN1,01/01/2015,
301,Yvon,Wrintmore,ACTIVE,07/22/2018,09/03/2020
302,Kippar,Goodship,STDUN1,03/11/2017,
303,Deirdre,Reah,STDUN1,11/19/2016,08/25/2020
304,Jacquie,Wedderburn,TERM01,11/13/2015,
305,Erich,Orrice,INELG1,06/06/2016,06/12/2020
306,Jaquelyn,Cristofaro,ACTIVE,01/09/2018,
307,Courtney,Waszczykowski,STDUN1,07/16/2016,06/16/2020
308,Kamila,Steel,STDUN1,07/24/2015,
309,Winthrop,Petriello,TERM01,02/28/2014,11/19/2019
310,Vite,Milius,STDUN1,04/24/2015,
311,Lurette,Espina,ACTIVE,07/08/2016,
312,Gusti,Ouver,TERM01,08/05/2017,
313,Anthe,Fowkes,DTH15,11/14/2015,
314,Zach,De Beauchamp,DTH15,05/07/2018,12/10/2019
315,Rasla,Raiment,STDUN1,10/03/2018,
316,Mariam,Goulding,DTH15,02/11/2019,06/12/2020
317,Xenos,Muggleston,TERM01,08/27/2015,07/02/2020
318,Royall,Yancey,DTH15,12/29/2016,
319,Toinette,Caunter,DTH15,06/18/2015,
320,Lani,Philippart,DTH15,08/29/2018,
321,Geralda,Gilston,STDUN1,07/04/2018,09/20/2020
322,Griff,Cavendish,DTH15,12/02/2014,02/20/2020
323,Nathanael,Utley,DTH15,08/16/2015,
324,Marv,Strickett,ACTIVE,07/07/2017,01/15/2020
325,Agna,Timcke,ACTIVE,01/17/2015,07/14/2020
326,Nettie,O'Fairy,ACTIVE,03/21/2015,
327,Jeri,Bartlosz,INELG1,11/17/2014,
328,Kenna,Guppy,DTH15,05/03/2017,
329,Monroe,Marcum,DTH15,08/27/2015,
330,Douglas,Hritzko,INELG1,02/09/2014,
331,Martynne,Justis,ACTIVE,06/30/2014,03/23/2020
332,Stephen,Crampsey,DTH15,10/26/2013,01/02/2020
333,Huntley,Baxter,INELG1,04/11/2017,12/10/2019
334,Donetta,Roisen,ACTIVE,04/09/2019,03/30/2020
335,Elwood,Tivers,ACTIVE,01/22/2019,
336,Ashton,Cummine,STDUN1,01/10/2014,
337,Heddie,Arsnell,TERM01,12/11/2017,
338,Jessey,Lownie,ACTIVE,07/07/2017,
339,Slade,Mabley,ACTIVE,03/01/2016,02/18/2020
340,Arin,Jakuszewski,ACTIVE,04/30/2018,01/28/2020
341,Rollie,Jorgesen,TERM01,11/02/2013,
342,Ray,Matussov,INELG1,06/02/2019,
343,Maddi,Wilton,ACTIVE,05/25/2018,
344,Gretal,Blencowe,DTH15,09/21/2019,
345,Carmelle,Headon,TERM01,03/13/2019,10/18/2020
346,Claudius,Grima,STDUN1,06/26/2019,
347,Mariska,Curtis,STDUN1,01/22/2019,
348,Dillie,Etchells,TERM01,09/05/2015,
349,Fernanda,Kubach,INELG1,05/09/2019,
350,Randene,Fawkes,INELG1,01/28/2019,11/18/2019
351,Juliann,Haines,STDUN1,08/07/2016,
352,Sioux,Kluger,STDUN1,11/06/2015,
353,Chris,Bartoszinski,DTH15,09/28/2014,06/06/2020
354,Madelene,Durgan,TERM01,04/06/2019,
355,Ula,Gurden,TERM01,10/05/2015,
356,Berni,Bruniges,TERM01,12/30/2016,
357,Jason,Woolen,STDUN1,08/20/2019,
358,Annecorinne,McPartlin,DTH15,12/19/2017,
359,Olga,Dunkerly,INELG1,02/25/2019,
360,Ted,Partrick,ACTIVE,10/03/2014,02/15/2020
361,Gwyneth,Norres,INELG1,12/11/2013,02/21/2020
362,Devonne,Crosio,TERM01,12/31/2015,
363,Elberta,O'Gorman,TERM01,07/02/2014,
364,Joya,Nockles,INELG1,03/24/2014,
365,D'arcy,Pantecost,STDUN1,03/11/2015,
366,Abrahan,Rigardeau,TERM01,08/01/2018,
367,Calida,Maharey,DTH15,04/17/2019,
368,Royce,Collman,ACTIVE,12/06/2015,
369,Nerti,Upwood,ACTIVE,06/10/2018,
370,Loni,Oglethorpe,ACTIVE,09/16/2018,
371,Gigi,Cowe,TERM01,11/20/2013,
372,Jae,Luetkemeyer,ACTIVE,10/31/2014,
373,Abran,Clausen,DTH15,04/27/2017,
374,Gilbertina,Brumfield,ACTIVE,12/06/2013,
375,Maison,Pettican,DTH15,06/30/2014,
376,Guthry,Coldbathe,INELG1,09/24/2015,
377,Danita,Catenot,ACTIVE,04/27/2014,04/08/2020
378,Jennifer,Antoszewski,ACTIVE,03/18/2014,06/15/2020
379,Morena,Figures,STDUN1,08/21/2019,12/18/2019
380,Jonathan,Larkin,STDUN1,01/11/2017,06/12/2020
381,Joy,Tackell,DTH15,07/26/2019,
382,Delilah,Chritchlow,TERM01,08/19/2017,05/08/2020
383,Redd,Handscombe,TERM01,08/12/2018,
384,Elisa,Lunam,TERM01,05/09/2017,03/11/2020
385,Felicity,Akerman,TERM01,05/17/2014,
386,Armando,Dunne,STDUN1,03/09/2015,
387,Riordan,Bench,DTH15,04/15/2018,
388,Ephraim,Zammett,STDUN1,01/30/2018,
389,Athene,Boas,INELG1,11/13/2016,01/11/2020
390,Herrick,Smythin,ACTIVE,12/21/2017,
391,Tate,Maidment,INELG1,12/24/2013,
392,Lin,Feavers,INELG1,02/09/2014,08/21/2020
393,Karlyn,Caselick,INELG1,07/12/2016,06/22/2020
394,Finlay,Matuszewski,ACTIVE,05/13/2018,06/21/2020
395,Dukie,MacKenny,INELG1,03/01/2019,
396,Ware,Waldock,DTH15,07/01/2019,
397,Lianne,Cobon,DTH15,03/29/2014,
398,Zelda,Hawarden,TERM01,10/22/2018,
399,Preston,McGann,STDUN1,06/06/2016,02/01/2020
400,Archibold,Klaas,TERM01,03/01/2015,10/20/2020
401,Maisey,Cowerd,TERM01,08/25/2019,
402,Mick,Posnette,INELG1,10/04/2015,03/01/2020
403,Margo,Jellicorse,ACTIVE,11/05/2016,01/02/2020
404,Ronny,Wrighton,INELG1,12/14/2015,
405,Martica,Goodread,STDUN1,05/30/2016,04/26/2020
406,Alasteir,Trevethan,DTH15,09/09/2018,
407,Verne,Crang,ACTIVE,02/09/2017,03/17/2020
408,Chris,Grabert,DTH15,02/06/2016,06/11/2020
409,Dorey,Millom,ACTIVE,04/15/2014,
410,Hersch,Arnould,ACTIVE,07/28/2015,
411,Ingar,Kinlock,DTH15,08/16/2016,03/22/2020
412,Eleanor,Crinion,TERM01,07/19/2019,12/21/2019
413,Burlie,Gilding,STDUN1,05/03/2017,
414,Devin,Baldrick,STDUN1,05/08/2015,06/01/2020
415,Hervey,Dunton,ACTIVE,04/25/2014,
416,Junina,Edson,STDUN1,09/21/2015,
417,Genna,Bratcher,ACTIVE,07/20/2018,09/10/2020
418,Wake,Pottie,STDUN1,03/04/2019,
419,Morgan,Rubinsaft,DTH15,05/27/2019,
420,Lucy,Gilvary,ACTIVE,10/09/2015,12/12/2019
421,Marysa,Basten,STDUN1,10/06/2015,
422,Eleanore,Canet,ACTIVE,03/13/2015,
423,Alastair,Onele,ACTIVE,04/28/2014,
424,Jaymie,Phelp,INELG1,04/14/2016,
425,Joelly,Kleinstub,TERM01,11/17/2015,02/16/2020
426,Domingo,Gratten,STDUN1,07/09/2016,01/26/2020
427,Berri,Mont,ACTIVE,03/13/2019,10/05/2020
428,Brendis,Burtwistle,DTH15,09/09/2019,11/09/2019
429,Penrod,Perulli,STDUN1,10/10/2015,
430,Reinald,McOrkill,INELG1,07/22/2016,03/28/2020
431,Tildie,Laingmaid,STDUN1,09/13/2015,09/24/2020
432,Ervin,Bilborough,TERM01,07/10/2018,
433,Stan,Benjamin,ACTIVE,06/26/2019,05/20/2020
434,Kermit,Stean,DTH15,04/28/2016,05/15/2020
435,Corney,Ovize,INELG1,01/05/2019,
436,Brooks,Gidney,STDUN1,02/01/2016,
437,Shoshana,Jupe,INELG1,06/16/2017,
438,Sonnie,Gayle,DTH15,05/18/2014,
439,Tomas,Iddins,STDUN1,05/27/2016,
440,Kary,Blasetti,STDUN1,05/17/2017,07/20/2020
441,Cazzie,Finnan,INELG1,01/15/2018,
442,Felizio,Roscher,STDUN1,11/25/2014,03/03/2020
443,Corliss,McKniely,ACTIVE,06/09/2016,11/04/2019
444,Gardy,Baythorp,TERM01,01/17/2019,03/07/2020
445,Jilli,Gregoriou,DTH15,08/26/2016,
446,Janeva,Mollnar,DTH15,09/20/2015,
447,Desmund,Briar,INELG1,11/08/2017,
448,Giacinta,Jersch,INELG1,01/11/2016,
449,Raynard,Dofty,TERM01,01/22/2015,09/14/2020
450,Krissie,Conachie,TERM01,09/26/2018,
451,Silvester,MacRirie,ACTIVE,12/04/2013,05/11/2020
452,Moria,Roiz,DTH15,08/17/2019,10/09/2020
453,Doro,Elliss,STDUN1,11/16/2018,
454,Jermayne,Ralfe,TERM01,12/08/2018,
455,Forbes,Baltrushaitis,DTH15,02/16/2014,
456,Dana,Keysel,ACTIVE,04/16/2015,
457,Yance,Scopes,STDUN1,06/24/2014,
458,Alvinia,Vickors,ACTIVE,04/02/2017,
459,Kattie,Francke,TERM01,09/15/2016,
460,Allister,Setterthwait,STDUN1,02/21/2018,06/14/2020
461,Elysha,Gornal,ACTIVE,05/02/2019,
462,Moina,Ferenczy,ACTIVE,05/09/2018,
463,Teressa,Klimus,STDUN1,09/27/2018,
464,Ossie,De Beneditti,DTH15,11/13/2013,
465,Brien,Larmor,TERM01,02/07/2014,
466,Irene,Chapiro,INELG1,05/05/2019,05/16/2020
467,Dorelia,Francomb,TERM01,12/16/2014,
468,Bobbie,Lezemere,INELG1,03/29/2014,
469,Elias,Rickett,DTH15,05/04/2017,
470,Hettie,Andriveaux,DTH15,10/01/2018,08/30/2020
471,Laurella,Peake,STDUN1,10/07/2016,03/13/2020
472,Erny,Hugh,TERM01,06/25/2017,10/23/2019
473,Moritz,Huzzay,ACTIVE,11/02/2017,
474,Mylo,Leary,INELG1,06/05/2018,
475,Bili,Hambling,DTH15,09/13/2018,12/28/2019
476,Weider,Madgewick,INELG1,02/22/2018,11/24/2019
477,Andra,Croydon,DTH15,07/03/2019,
478,Paddy,Dederick,ACTIVE,08/11/2016,
479,Zahara,Ponton,STDUN1,06/05/2016,
480,Sharia,Brenston,ACTIVE,12/09/2015,03/13/2020
481,Hanna,Kernell,TERM01,02/25/2014,
482,Jaquenetta,Cumming,DTH15,07/16/2015,
483,Max,Hamshaw,TERM01,04/17/2018,10/16/2020
484,Sheryl,Banham,DTH15,08/04/2017,12/09/2019
485,Micah,Badwick,STDUN1,09/11/2016,
486,Pamelina,O'Hengerty,TERM01,05/16/2014,11/07/2019
487,Bess,Guidone,STDUN1,09/11/2014,
488,Adrian,Francklin,STDUN1,07/04/2015,
489,Gaile,Biddy,TERM01,10/27/2016,02/19/2020
490,Lindy,Marriot,STDUN1,12/21/2018,
491,Benny,Lushey,STDUN1,12/15/2018,
492,Carl,Risebarer,INELG1,12/23/2013,
493,Rhetta,Learmonth,ACTIVE,04/18/2015,
494,Dorotea,Drakard,TERM01,01/16/2016,
495,Drugi,Keenor,TERM01,06/20/2016,01/02/2020
496,Lydie,Lambdean,DTH15,05/22/2018,
497,Jaine,Kaminski,STDUN1,11/12/2016,
498,Mallory,Artis,TERM01,07/19/2014,
499,Tabby,Auten,INELG1,04/24/2016,
500,Lilas,Crabbe,INELG1,10/20/2015,
501,Zaria,Ondracek,INELG1,08/29/2015,12/19/2019
502,Lorettalorna,Tommeo,INELG1,03/14/2019,03/01/2020
503,Brianna,Dunmuir,INELG1,12/05/2016,08/18/2020
504,Bryn,Robard,INELG1,01/28/2015,
505,Gaby,Swadlen,TERM01,01/21/2018,11/17/2019
506,Pincus,Cowx,TERM01,10/03/2014,
507,Jo,Artrick,STDUN1,08/07/2016,
508,Des,Izkovitch,TERM01,10/02/2019,
509,Maybelle,Paule,STDUN1,01/30/2015,
510,Virgina,Hagland,STDUN1,04/15/2014,
511,Reynold,French,DTH15,05/13/2018,
512,Norry,Donwell,INELG1,03/23/2014,
513,Saw,Andree,ACTIVE,10/13/2016,02/01/2020
514,Madlin,Elegood,TERM01,04/13/2014,
515,Daveta,Balentyne,STDUN1,02/29/2016,08/05/2020
516,Regina,Beams,STDUN1,12/07/2018,
517,Viola,Izkovici,ACTIVE,12/23/2018,
518,Falito,Whitewood,INELG1,01/13/2016,
519,Baudoin,Jobe,ACTIVE,06/13/2015,
520,Randie,Severwright,STDUN1,09/12/2014,
521,Sunny,Schout,ACTIVE,02/17/2016,
522,Millicent,Giovannoni,ACTIVE,06/14/2015,
523,Angelle,Gorrick,STDUN1,03/13/2015,
524,Korie,Rowdell,INELG1,05/04/2015,
525,Henka,Pinnion,DTH15,12/24/2017,
526,Maryrose,Sare,TERM01,12/16/2014,
527,Coralie,McCurdy,STDUN1,04/14/2017,11/09/2019
528,Ronna,Twopenny,INELG1,07/07/2016,
529,Vince,Blewis,TERM01,10/18/2017,
530,Wolfy,Landsman,DTH15,06/23/2019,
531,Priscella,Pointon,INELG1,06/01/2014,11/28/2019
532,Petronilla,Whalley,TERM01,07/22/2014,12/18/2019
533,Holly-anne,Oldmeadow,TERM01,08/01/2017,
534,Farlee,Carnier,TERM01,11/23/2014,
535,Peirce,Wilcocke,STDUN1,05/04/2014,
536,Elane,McCutcheon,TERM01,06/05/2015,12/21/2019
537,Delmore,McDermott,TERM01,04/11/2015,06/13/2020
538,Waldon,Eplett,STDUN1,12/05/2015,
539,Silvano,Adlam,DTH15,05/09/2018,11/14/2019
540,Cullen,Succamore,DTH15,05/31/2017,
541,Marylin,Jiran,ACTIVE,04/28/2017,
542,Dylan,Pointin,STDUN1,04/19/2018,
543,Starr,Pellamont,STDUN1,05/24/2017,
544,Conn,Noone,TERM01,05/31/2019,
545,Jayne,Norree,INELG1,03/07/2018,08/29/2020
546,Dulcine,Hapke,INELG1,06/09/2017,
547,Valry,Bremmer,INELG1,05/07/2015,
548,Stearn,Summerrell,DTH15,03/30/2019,02/20/2020
549,Therine,Butterly,DTH15,06/29/2016,
550,Davida,McKmurrie,STDUN1,04/03/2018,
551,Josie,Moro,ACTIVE,06/30/2014,
552,Alessandra,Amy,INELG1,09/30/2019,
553,Irma,Witter,DTH15,01/08/2017,
554,Allan,MacCaffrey,ACTIVE,11/22/2015,04/26/2020
555,Eveleen,Rubrow,STDUN1,10/05/2018,
556,Jeannie,Bertin,TERM01,12/04/2014,09/15/2020
557,Teddy,Leppington,ACTIVE,09/22/2014,
558,Nataline,De Ath,ACTIVE,04/04/2017,
559,Dill,MacMarcuis,DTH15,09/21/2019,08/20/2020
560,Hussein,Greenshiels,STDUN1,02/10/2018,
561,Lorain,Vipan,TERM01,07/18/2019,
562,Rosanne,Meggison,ACTIVE,03/07/2017,01/01/2020
563,Almeria,Oades,TERM01,08/22/2019,06/05/2020
564,Lucille,O'Kenny,INELG1,02/17/2015,
565,Ase,Monroe,INELG1,04/29/2017,11/28/2019
566,Missie,Kinker,STDUN1,07/19/2018,
567,Verena,Beakes,STDUN1,02/15/2018,01/04/2020
568,Roshelle,Samme,DTH15,10/04/2017,
569,Travis,Mityushkin,TERM01,08/08/2014,08/12/2020
570,Falito,Abelevitz,DTH15,02/08/2017,
571,Walton,Dudin,INELG1,10/10/2019,
572,Corrine,Bartlomiejczyk,STDUN1,05/31/2017,05/18/2020
573,Karney,Dumblton,ACTIVE,07/20/2015,01/03/2020
574,Rozalin,Ilyin,STDUN1,09/18/2014,
575,Rita,Riepel,DTH15,04/07/2014,
576,Dorene,Zute,INELG1,08/20/2015,06/05/2020
577,Rodrique,Needham,INELG1,02/15/2014,02/11/2020
578,Ailina,Rignoldes,TERM01,11/01/2016,
579,Miquela,Wandrack,STDUN1,06/15/2018,
580,Connie,Mounch,TERM01,05/03/2016,10/14/2020
581,Panchito,Bandey,TERM01,01/27/2017,
582,Pansy,Baistow,TERM01,09/18/2018,
583,Linda,Hunter,INELG1,03/13/2018,11/12/2019
584,Alexia,Gush,ACTIVE,04/16/2018,08/08/2020
585,Kristin,Durram,TERM01,07/18/2014,
586,Margarethe,Botterell,STDUN1,12/04/2017,
587,Jacki,Regi,STDUN1,02/07/2019,
588,Emory,Northey,INELG1,03/09/2017,
589,Eolanda,Pawlata,DTH15,02/23/2016,05/16/2020
590,Lind,Nand,STDUN1,06/07/2016,03/16/2020
591,Tanney,Stein,TERM01,09/29/2019,
592,Rickard,Yarnell,DTH15,03/12/2015,09/17/2020
593,Nita,Stoltz,STDUN1,07/02/2018,09/18/2020
594,Erminie,Meaden,TERM01,10/23/2014,12/07/2019
595,Sheff,Bilverstone,DTH15,07/10/2018,
596,Una,Mendoza,ACTIVE,11/13/2017,
597,Humphrey,Shawdforth,STDUN1,06/26/2018,
598,Donetta,Thames,INELG1,06/28/2018,
599,Findley,Cocking,ACTIVE,06/25/2015,
600,Wallis,Kuhnt,ACTIVE,01/12/2014,
601,Lucille,Wenger,TERM01,01/24/2019,08/22/2020
602,Barrie,Hasnney,DTH15,04/05/2014,12/09/2019
603,Christean,Joseff,STDUN1,02/05/2019,
604,Kat,Jozefczak,STDUN1,02/07/2014,04/28/2020
605,Em,Mounce,TERM01,11/07/2018,03/15/2020
606,Haven,Gowthrop,DTH15,07/24/2017,06/05/2020
607,Armando,Gowar,INELG1,04/01/2015,01/26/2020
608,Tomlin,Vanni,TERM01,08/22/2015,
609,Feodora,Simone,ACTIVE,06/29/2014,
610,Irene,Cottie,TERM01,04/06/2016,
611,Dollie,Gillott,ACTIVE,03/05/2019,04/21/2020
612,Vivia,Fallen,STDUN1,09/14/2018,12/07/2019
613,Merrill,Mebes,TERM01,07/04/2019,02/23/2020
614,Dietrich,Pafford,INELG1,10/07/2017,03/19/2020
615,Wendel,Gong,STDUN1,02/26/2017,01/02/2020
616,Grayce,Lealle,TERM01,05/11/2014,
617,Dulcy,Harmstone,DTH15,04/28/2018,
618,Faith,Pantling,INELG1,05/21/2014,
619,Maggee,Screech,STDUN1,03/15/2014,
620,Valentijn,Cornelissen,ACTIVE,01/27/2018,03/16/2020
621,Rodrick,Hurrion,DTH15,04/29/2014,
622,Kristoforo,Braiden,STDUN1,06/29/2018,
623,Cammi,Bridger,DTH15,09/13/2017,04/02/2020
624,Vance,Rowlstone,INELG1,06/02/2015,
625,Sherilyn,Currm,DTH15,05/08/2019,
626,Brand,Brownsey,DTH15,07/19/2016,
627,Inessa,Amott,DTH15,05/13/2016,
628,Merrily,Charlwood,INELG1,09/17/2014,07/28/2020
629,Lavena,Elan,INELG1,05/31/2016,01/18/2020
630,Huntlee,Patten,ACTIVE,02/06/2014,07/17/2020
631,Nefen,Bevens,STDUN1,02/22/2017,
632,Glori,Frayling,DTH15,05/30/2015,05/22/2020
633,Amara,Maclaine,TERM01,12/06/2015,06/13/2020
634,Coretta,Salter,TERM01,11/20/2013,01/04/2020
635,Vince,Yea,STDUN1,09/19/2018,
636,Wilmer,Buxcy,STDUN1,01/02/2019,
637,Justinian,Sybbe,TERM01,05/15/2019,
638,Amanda,Gorghetto,ACTIVE,08/25/2018,06/20/2020
639,Bennie,Cominoli,INELG1,05/19/2019,
640,Padget,Hould,TERM01,10/05/2017,
641,Fan,Keld,TERM01,06/25/2016,
642,Rex,Treadwell,STDUN1,01/20/2016,03/23/2020
643,Elaine,Klisch,STDUN1,08/23/2015,11/25/2019
644,Cynthia,Glassard,TERM01,05/15/2016,
645,Jenda,Titlow,STDUN1,02/12/2019,02/17/2020
646,Adara,Shiel,ACTIVE,04/05/2014,
647,Oran,Stoeckle,TERM01,05/10/2016,04/20/2020
648,Bobbette,Digges,DTH15,04/17/2014,
649,Lacey,Couche,STDUN1,09/25/2016,11/24/2019
650,Vin,Boss,TERM01,02/14/2017,11/16/2019
651,Raye,Nobriga,STDUN1,10/10/2019,
652,Christean,Walczak,TERM01,09/20/2016,
653,Jeffy,Norcock,DTH15,05/28/2019,
654,Vite,Blyth,INELG1,07/05/2017,01/29/2020
655,Jammie,Chiplen,ACTIVE,06/01/2014,
656,Darrick,Knutton,TERM01,06/04/2018,02/03/2020
657,Esdras,Jenckes,INELG1,05/21/2014,06/01/2020
658,Glenden,Spollen,TERM01,09/07/2016,
659,Avivah,Lord,DTH15,03/29/2017,
660,Oby,Weatherburn,STDUN1,03/01/2016,10/17/2020
661,Pierrette,McGrale,ACTIVE,06/05/2018,
662,Kariotta,Aicheson,TERM01,03/04/2019,
663,Ronnica,Bythell,DTH15,08/06/2016,
664,Angeline,Barnish,STDUN1,09/22/2014,11/25/2019
665,Shena,Kalkofen,STDUN1,10/24/2015,
666,Callida,Allington,TERM01,03/12/2016,
667,Garrick,Jindracek,DTH15,03/18/2015,
668,Chauncey,O' Kelleher,STDUN1,05/31/2017,
669,Filmer,Louys,TERM01,09/19/2019,09/08/2020
670,Errick,Ridehalgh,ACTIVE,11/17/2016,
671,Ferdinanda,Costley,INELG1,10/01/2019,
672,Julee,Laurand,TERM01,05/30/2016,
673,Davin,Casaroli,INELG1,09/05/2019,02/01/2020
674,Chrotoem,Tiltman,ACTIVE,09/14/2014,05/16/2020
675,Malena,Roylance,TERM01,08/26/2014,
676,Alayne,Besset,TERM01,11/02/2017,
677,Clem,Rapo,DTH15,06/16/2018,
678,Wendeline,Twitchings,DTH15,11/27/2015,
679,Barton,Borkett,INELG1,07/15/2015,
680,Park,Millson,TERM01,01/07/2016,
681,Maximilien,McCay,STDUN1,01/28/2018,
682,Hyacinth,Annis,STDUN1,06/15/2014,10/31/2019
683,Kara,Morby,ACTIVE,11/28/2016,
684,Denyse,Delong,ACTIVE,03/18/2014,
685,Eziechiele,Ackred,TERM01,01/02/2018,12/01/2019
686,Henriette,Gunby,ACTIVE,03/13/2014,
687,Anne-corinne,Heyball,DTH15,06/04/2018,
688,Coleen,Illiston,INELG1,11/25/2017,
689,Garland,Nisot,DTH15,03/18/2018,
690,Dasie,Korn,DTH15,01/25/2014,
691,Freddy,Ellacott,DTH15,11/30/2016,
692,Benjie,Fearnley,TERM01,02/03/2016,06/03/2020
693,Baudoin,Shannon,STDUN1,05/15/2015,
694,Danyette,Petche,DTH15,02/26/2014,
695,Cristie,Gager,INELG1,05/01/2015,
696,Tasha,Liddard,STDUN1,03/22/2014,
697,Jobi,Phippard,STDUN1,05/02/2017,08/02/2020
698,Rozanna,Byles,STDUN1,04/08/2014,
699,Mildrid,Spratt,INELG1,03/31/2019,
700,Arlinda,Dreschler,TERM01,03/30/2015,05/05/2020
701,Libby,Ogles,TERM01,07/27/2018,09/15/2020
702,Braden,Bousler,DTH15,09/17/2014,03/17/2020
703,Broderick,Houldey,STDUN1,01/20/2017,06/09/2020
704,Chrissy,Eddins,INELG1,02/16/2016,
705,Drona,Copnar,INELG1,02/25/2014,
706,Gina,Grutchfield,TERM01,01/22/2014,03/12/2020
707,Moyna,Sharrocks,STDUN1,06/07/2018,05/23/2020
708,Ulrick,Wilcher,ACTIVE,10/09/2018,07/28/2020
709,Emmett,Gronaller,INELG1,10/20/2017,03/12/2020
710,Amy,Corben,TERM01,04/19/2016,
711,Philly,Ferrieres,TERM01,04/23/2016,
712,Allyce,Deluce,INELG1,12/05/2018,01/12/2020
713,Nigel,Morkham,DTH15,05/09/2016,
714,Cello,Whyteman,DTH15,01/22/2019,11/05/2019
715,Evered,McIndoe,DTH15,02/16/2018,11/19/2019
716,Querida,Brauns,TERM01,01/20/2016,
717,Lanny,Cornewall,TERM01,06/08/2015,12/19/2019
718,Cary,Malyon,STDUN1,12/22/2018,06/19/2020
719,Basia,Dysert,ACTIVE,05/06/2015,03/19/2020
720,Wolfgang,Arnefield,DTH15,04/15/2014,09/22/2020
721,Freeman,Schoffler,TERM01,12/30/2013,12/04/2019
722,Reece,Quarrington,TERM01,09/19/2019,10/03/2020
723,Artair,Rawkesby,DTH15,06/15/2017,04/25/2020
724,Brig,Lofty,DTH15,11/03/2015,
725,Babita,Picheford,ACTIVE,06/19/2015,01/22/2020
726,Darren,Camelli,DTH15,12/11/2015,05/28/2020
727,Bondon,Keefe,STDUN1,12/08/2015,
728,Hamil,Toten,ACTIVE,12/09/2017,04/11/2020
729,Wylie,Blanko,STDUN1,10/09/2016,06/12/2020
730,Haily,Franses,ACTIVE,03/12/2019,05/26/2020
731,Julian,Allix,TERM01,08/29/2017,10/07/2020
732,Sunshine,Demoge,ACTIVE,01/07/2017,
733,Sampson,Wheater,TERM01,04/19/2017,
734,Morten,Anney,ACTIVE,04/11/2017,11/05/2019
735,Lindy,Phillps,INELG1,07/28/2018,
736,Joyce,Pinsent,TERM01,01/21/2015,
737,Marquita,Clemens,TERM01,04/09/2019,
738,Elysia,Thies,TERM01,09/24/2014,12/04/2019
739,Elka,Gitsham,INELG1,06/06/2016,
740,Chilton,Whatmough,TERM01,09/10/2018,10/09/2020
741,Arturo,Laneham,DTH15,05/12/2017,09/12/2020
742,Sorcha,Degue,DTH15,03/10/2018,
743,Tamiko,O' Cuolahan,ACTIVE,06/23/2014,
744,Rob,O'Halleghane,INELG1,12/08/2017,
745,Alta,Machan,STDUN1,03/12/2019,
746,Anastasia,Novkovic,ACTIVE,08/05/2018,
747,Daffi,Callard,TERM01,03/19/2018,07/06/2020
748,Charmion,Keyse,STDUN1,01/30/2015,
749,Sigmund,Smogur,INELG1,09/19/2016,04/22/2020
750,Bradley,Urpeth,DTH15,11/22/2013,12/01/2019
751,Sandro,Thackeray,TERM01,03/10/2015,12/13/2019
752,Mechelle,Bodsworth,STDUN1,08/03/2018,
753,Celina,Fenimore,TERM01,06/13/2016,
754,Johnath,Cracknell,TERM01,04/01/2018,
755,Dar,Littleproud,ACTIVE,10/29/2014,
756,Tory,Haskayne,STDUN1,11/11/2017,
757,Rooney,Currie,INELG1,04/17/2015,08/28/2020
758,Stephie,Ramsell,INELG1,06/03/2019,03/20/2020
759,Simeon,Dorant,STDUN1,01/10/2016,
760,Kimberlee,Hawkett,DTH15,02/15/2018,
761,Flem,Spier,TERM01,09/30/2014,11/20/2019
762,Adrienne,Childs,INELG1,03/13/2018,
763,Doti,Barbery,ACTIVE,08/21/2014,04/02/2020
764,Kaye,Oxbury,DTH15,11/16/2016,12/06/2019
765,Antonetta,Edwins,DTH15,06/21/2016,
766,Muhammad,Eagell,DTH15,08/25/2017,
767,Cathi,Fryman,ACTIVE,08/13/2017,01/18/2020
768,Kylynn,Dorant,ACTIVE,10/12/2017,
769,Nani,Llewellin,DTH15,07/25/2015,
770,Jan,Prattin,ACTIVE,11/04/2018,03/22/2020
771,Janna,Caddell,TERM01,03/18/2017,
772,Stormie,Arnoud,TERM01,12/24/2016,
773,Tish,Biddles,INELG1,06/08/2019,
774,Beatrice,Mallion,STDUN1,02/12/2019,
775,Carline,Groll,DTH15,10/16/2015,08/15/2020
776,Anthony,Griston,ACTIVE,01/31/2015,12/04/2019
777,Merl,Alexsandrowicz,TERM01,02/01/2015,
778,Farlay,Dinsey,ACTIVE,12/10/2013,11/08/2019
779,Suzi,Hagerty,TERM01,06/20/2018,
780,Sigismondo,Reiach,STDUN1,10/31/2015,09/15/2020
781,Hyacinthia,Kearney,DTH15,02/27/2014,07/29/2020
782,Willamina,Denial,STDUN1,09/12/2014,02/07/2020
783,Lauri,Zannutti,ACTIVE,05/02/2015,12/21/2019
784,Brier,Burry,INELG1,11/20/2018,12/21/2019
785,Hew,Maguire,STDUN1,07/19/2016,
786,Linnea,Juden,INELG1,12/02/2015,
787,Rancell,McGarrell,DTH15,02/25/2017,
788,Uta,Glacken,TERM01,06/17/2018,
789,Prescott,Stilliard,DTH15,09/27/2015,12/01/2019
790,Elle,Leversuch,INELG1,05/20/2015,
791,Frederico,Hazlehurst,ACTIVE,04/22/2019,
792,Desdemona,Lumsdon,STDUN1,08/03/2016,04/13/2020
793,Alix,Fuster,INELG1,11/13/2015,
794,Erika,Dignam,TERM01,07/24/2017,
795,Ode,Corry,ACTIVE,02/23/2016,08/12/2020
796,Jude,Nealand,TERM01,05/24/2016,05/24/2020
797,Madelene,Kiraly,TERM01,10/09/2017,
798,Bartholomeus,Larrett,INELG1,12/01/2016,
799,Lucita,Deveraux,ACTIVE,01/11/2016,03/08/2020
800,Brod,Welberry,ACTIVE,01/28/2015,
801,Paulette,Pye,STDUN1,12/13/2017,06/18/2020
802,Clim,Brimblecomb,DTH15,01/26/2014,
803,Brad,Brodley,STDUN1,08/17/2015,
804,Tabbitha,Kemble,TERM01,01/28/2019,
805,Erhard,Scamerden,INELG1,11/21/2018,04/08/2020
806,Karlik,Yoell,TERM01,11/25/2015,09/10/2020
807,Olin,Stichel,INELG1,02/19/2015,07/07/2020
808,Merridie,Poplee,INELG1,09/20/2019,
809,Avie,Werndly,STDUN1,08/19/2018,
810,Josie,Huriche,TERM01,05/13/2016,07/29/2020
811,Mahmoud,Hubbert,STDUN1,03/10/2018,01/03/2020
812,Rosana,Ogborne,INELG1,05/19/2016,
813,Romona,Purseglove,STDUN1,06/06/2016,09/04/2020
814,Jourdain,Ewestace,STDUN1,05/31/2018,
815,Vanni,Brodie,INELG1,12/14/2017,05/24/2020
816,Emeline,Bowcock,TERM01,05/02/2019,11/15/2019
817,Willi,Dearnaly,TERM01,09/18/2016,07/08/2020
818,Aldric,Dunn,TERM01,07/10/2018,04/22/2020
819,Kath,Ekkel,STDUN1,05/24/2016,
820,Samaria,Dorbin,INELG1,10/31/2014,04/20/2020
821,Anni,Toplin,INELG1,02/25/2016,
822,Aretha,Shelbourne,DTH15,06/18/2016,07/03/2020
823,Antoinette,Brugger,STDUN1,08/28/2017,05/10/2020
824,Dona,Pepperrall,ACTIVE,03/11/2017,06/23/2020
825,Fonsie,Elton,TERM01,06/27/2015,
826,Marjorie,Kohrs,STDUN1,10/05/2017,12/01/2019
827,Becki,Tort,TERM01,11/22/2013,
828,Nobie,Clare,INELG1,01/23/2016,03/29/2020
829,Beck,Hubbucke,ACTIVE,07/24/2016,07/14/2020
830,Miller,Bennet,STDUN1,01/23/2019,
831,Rhea,Van Giffen,INELG1,11/01/2017,04/24/2020
832,Gardie,Abel,TERM01,09/20/2017,
833,Alonzo,Willars,ACTIVE,05/15/2015,
834,Westleigh,Jump,INELG1,04/18/2015,
835,Leland,Mellon,ACTIVE,05/17/2018,09/11/2020
836,Ailey,Artist,TERM01,12/29/2016,
837,Brandon,Atte-Stone,ACTIVE,12/07/2016,
838,Andrey,McCurry,DTH15,04/10/2019,11/01/2019
839,Idalia,Ronchi,DTH15,07/26/2017,11/03/2019
840,Nanni,Harbertson,DTH15,01/10/2016,02/05/2020
841,Margie,Engelbrecht,ACTIVE,10/19/2017,
842,Amil,Foulser,INELG1,06/12/2014,
843,Grant,Willavize,DTH15,11/20/2013,
844,Ellene,Deboy,ACTIVE,10/26/2013,06/02/2020
845,Vlad,Lockyear,TERM01,01/14/2019,12/21/2019
846,Kalinda,Orrom,DTH15,08/28/2017,02/24/2020
847,Sybilla,Blandamore,TERM01,08/08/2014,
848,Kerk,Keppin,ACTIVE,11/05/2015,
849,Gerry,Elmore,STDUN1,11/24/2018,
850,Jeffry,Gooders,ACTIVE,05/13/2018,
851,Tuesday,Beese,STDUN1,12/02/2016,
852,Dominik,Strover,STDUN1,01/10/2018,
853,Wolfie,Chopy,DTH15,06/03/2017,
854,Weylin,Dubery,INELG1,10/01/2015,
855,Cosimo,Dawltrey,INELG1,07/18/2019,09/16/2020
856,Nanni,Geany,TERM01,01/28/2019,
857,Torin,Szymanowicz,ACTIVE,09/16/2019,
858,Wanids,Johanssen,TERM01,05/06/2018,
859,Yorgos,Fancett,INELG1,03/08/2017,05/14/2020
860,Karena,Henze,INELG1,02/12/2015,02/26/2020
861,Ruthann,Sapir,DTH15,12/16/2017,
862,Cash,Mulhall,STDUN1,10/30/2014,
863,Teodoor,Howorth,STDUN1,11/11/2016,12/03/2019
864,Alfonse,Drohun,TERM01,06/11/2019,
865,Dede,Halbord,INELG1,11/04/2018,
866,Rice,Olivazzi,TERM01,02/07/2014,
867,Roarke,Merton,INELG1,06/16/2017,
868,Dacie,McCosh,DTH15,05/15/2019,07/07/2020
869,Gard,Jarman,DTH15,06/14/2016,11/23/2019
870,Francesco,Bogeys,STDUN1,01/11/2017,
871,Cathlene,Alben,TERM01,09/10/2014,11/03/2019
872,Aluino,Muscroft,INELG1,06/09/2019,10/14/2020
873,Bettine,Mandel,STDUN1,11/25/2015,
874,Alfreda,Caslin,STDUN1,05/19/2015,11/20/2019
875,Lucias,Mateus,TERM01,06/03/2015,06/12/2020
876,Wainwright,Collingham,STDUN1,01/09/2016,
877,Lem,Laffan,STDUN1,10/29/2018,
878,Candie,Burhill,TERM01,07/07/2014,
879,Adriane,Shoard,STDUN1,02/08/2014,03/19/2020
880,Sergio,Garratty,TERM01,12/17/2018,12/10/2019
881,Darrin,Dewhurst,DTH15,07/17/2017,
882,Bette,Stelli,ACTIVE,08/19/2017,
883,Emogene,Louch,TERM01,02/13/2016,11/20/2019
884,Parke,Olland,INELG1,12/07/2017,
885,Rhianon,Hardwich,TERM01,05/06/2016,08/06/2020
886,Donelle,Spacey,STDUN1,01/05/2018,
887,Davita,Hailston,DTH15,06/20/2019,08/07/2020
888,Adelheid,Quilligan,INELG1,04/16/2014,
889,Smith,Ainger,INELG1,10/09/2018,
890,Lorenza,Cowell,STDUN1,09/13/2019,
891,Mellisent,De Vere,ACTIVE,04/10/2018,
892,Kaitlin,Thews,STDUN1,03/20/2018,
893,Ignaz,Tomasz,INELG1,02/01/2015,
894,Wald,De Stoop,TERM01,07/19/2016,
895,Amelina,Trickey,DTH15,10/31/2014,
896,Orbadiah,Climance,INELG1,07/28/2019,
897,Irene,Jakobsson,ACTIVE,12/23/2013,
898,Suzette,Vockings,DTH15,05/25/2015,07/15/2020
899,Georas,Rumney,ACTIVE,01/03/2015,12/09/2019
900,Orlan,Bauld,ACTIVE,06/21/2017,02/26/2020
901,Nedi,Nickels,STDUN1,05/04/2014,04/07/2020
902,Vonnie,Fruish,STDUN1,12/14/2017,
903,Zara,Acres,INELG1,07/08/2015,05/19/2020
904,Tripp,Paladino,DTH15,12/25/2016,02/25/2020
905,Brear,Coronas,STDUN1,11/26/2016,
906,Kizzie,Brolan,DTH15,12/27/2015,02/26/2020
907,Torrance,Epilet,STDUN1,09/22/2016,04/16/2020
908,Garrett,Svanini,TERM01,11/06/2014,
909,Lucinda,Bootton,DTH15,02/11/2015,03/21/2020
910,Zora,Ryce,TERM01,07/07/2017,
911,Jyoti,Splain,TERM01,11/06/2017,02/23/2020
912,Shay,Nortcliffe,ACTIVE,08/02/2018,
913,Granny,Dowdell,DTH15,03/07/2016,
914,Roderigo,Belfit,INELG1,12/21/2016,
915,Nolly,Brewin,DTH15,09/04/2015,
916,Rhea,Dalyell,TERM01,08/01/2014,
917,Anastasie,Coule,STDUN1,07/06/2017,
918,Jabez,Hagland,DTH15,02/03/2018,
919,Artus,Kerss,ACTIVE,06/23/2017,
920,Nata,Capozzi,STDUN1,02/13/2019,
921,Elora,Stote,INELG1,06/15/2019,11/11/2019
922,Yehudi,Stonham,DTH15,10/02/2017,
923,Granny,Jowitt,ACTIVE,10/22/2015,07/16/2020
924,Brigid,Blackburn,INELG1,05/27/2018,
925,Otho,Gherardesci,ACTIVE,06/10/2015,
926,Ulysses,Vize,DTH15,03/23/2014,11/27/2019
927,Jobina,Taleworth,DTH15,05/24/2016,
928,Emlynne,Branney,STDUN1,01/17/2019,
929,Lucia,Viles,TERM01,03/13/2019,
930,Reeta,Bargh,TERM01,12/19/2017,12/30/2019
931,Michael,MacKim,INELG1,12/01/2017,
932,Valentina,Dimberline,STDUN1,08/28/2019,06/21/2020
933,Cyrille,Sier,INELG1,03/12/2016,
934,Keslie,Heaslip,DTH15,11/29/2016,
935,Erma,Writer,TERM01,02/14/2014,03/23/2020
936,Lamond,Pollen,STDUN1,11/13/2013,10/17/2020
937,Kaylil,Davidi,DTH15,05/11/2016,
938,Dewain,Waugh,INELG1,05/19/2015,10/14/2020
939,Rheba,De Hailes,TERM01,07/29/2017,
940,Christian,Bayfield,ACTIVE,01/21/2017,02/07/2020
941,Joshua,Creeber,TERM01,04/24/2016,
942,Vittoria,Barehead,ACTIVE,10/17/2017,02/08/2020
943,Annette,Cunio,TERM01,07/02/2017,
944,Hermina,Bortolussi,STDUN1,08/22/2015,
945,Ursulina,Pennycook,STDUN1,05/03/2017,
946,Karon,Gentreau,TERM01,08/23/2016,10/29/2019
947,Hilda,Ruperti,INELG1,01/02/2016,08/20/2020
948,Beltran,Gosland,INELG1,06/18/2018,09/26/2020
949,Kendal,Rickardes,DTH15,10/02/2018,06/30/2020
950,Leroy,Baggaley,ACTIVE,06/12/2016,06/23/2020
951,Xever,Liggins,ACTIVE,09/17/2019,11/18/2019
952,Henka,Hessing,TERM01,12/01/2015,03/06/2020
953,Chaddie,Manwell,INELG1,11/08/2015,
954,Ambrosius,Hallahan,TERM01,02/19/2019,09/16/2020
955,Lawry,Chasteau,TERM01,10/03/2014,
956,Allianora,Tertre,ACTIVE,08/22/2014,
957,Allard,Reinger,DTH15,05/27/2019,07/24/2020
958,Marchall,Evered,DTH15,12/13/2018,10/26/2019
959,Debbie,MacRorie,TERM01,02/05/2015,06/27/2020
960,Clarita,Camier,DTH15,01/20/2015,02/06/2020
961,Kaela,Chaston,INELG1,10/23/2013,01/16/2020
962,Hadley,Stean,DTH15,08/14/2017,
963,Hugh,Hammatt,ACTIVE,04/27/2016,03/19/2020
964,Blancha,Downing,DTH15,08/22/2014,07/14/2020
965,Janela,Dawtry,INELG1,08/25/2015,
966,Athena,Honnan,INELG1,03/15/2017,
967,Agnese,Klosa,STDUN1,09/21/2017,01/28/2020
968,Neville,Wahncke,ACTIVE,04/24/2017,
969,Celestia,Rimer,DTH15,03/30/2019,
970,Libbie,Sonley,ACTIVE,05/13/2016,
971,Matthieu,Stace,STDUN1,11/03/2013,
972,Gerianne,Pencost,DTH15,05/01/2017,
973,Erskine,Bockmann,ACTIVE,05/12/2019,12/04/2019
974,Lyman,Scole,INELG1,03/23/2016,
975,Pauly,Healey,INELG1,05/12/2016,
976,Berkly,Dore,DTH15,02/19/2015,
977,Agnese,Broadbridge,INELG1,02/23/2015,
978,Elfreda,Francescotti,STDUN1,12/04/2018,
979,Meg,Port,DTH15,01/02/2018,05/12/2020
980,Laughton,Harrower,TERM01,12/29/2014,
981,Chelsey,Rowlstone,DTH15,10/02/2016,07/10/2020
982,Boote,Ivens,DTH15,02/05/2015,
983,Kristy,Ludgrove,TERM01,11/04/2014,07/02/2020
984,Herby,Tapp,STDUN1,04/24/2017,02/18/2020
985,Hewet,Overy,TERM01,04/01/2019,
986,Bertie,Lambell,STDUN1,02/19/2018,
987,Jacky,Beedom,INELG1,01/19/2016,
988,Kalila,Sim,STDUN1,07/14/2017,07/02/2020
989,Kristopher,Lillicrop,INELG1,10/22/2014,
990,Josselyn,Pietrzyk,INELG1,12/10/2017,12/12/2019
991,Torrie,Trebbett,ACTIVE,06/25/2014,
992,Garvey,Dunican,ACTIVE,04/05/2017,
993,Briney,Delion,INELG1,09/05/2019,
994,Venus,Scraggs,STDUN1,10/30/2015,
995,Gussy,Bonar,ACTIVE,02/01/2018,
996,Rex,Master,INELG1,06/09/2015,09/13/2020
997,Carlyn,Polendine,STDUN1,08/18/2019,
998,Warde,McGeachy,ACTIVE,11/05/2018,02/16/2020
999,Carmine,Okill,DTH15,10/19/2015,07/06/2020
1000,Tabbatha,Vlasov,TERM01,10/24/2017,
8888888,Fname8,Lname8,STDUN1,12/10/07,
83542,RAJKUMAR,RAMAKRISHNAN,ACTIVE,2/22/10,
85332,ABHINIT,KUMAR,ACTIVE,10/18/10,
87632,JASMIN,VILLA,INELG1,8/22/11,
109260,AMOL,PANTVAIDYA,ACTIVE,6/8/15,
99999999,Fname9,Lname9,STDUN1,10/13/14,
144391,VIDHI,BHATT,ACTIVE,1/30/17,
155024,GREGORY,KNOBLAUCH,ACTIVE,7/24/17,
111111,Fname 1,Lname 1,TERM01,10/1/18,11/20/19
184713,VARSHA,VENKATESH,ACTIVE,3/27/17,
195181,GARRY,BULLOCK,ACTIVE,6/25/18,
196446,IAN,PENTLAND,ACTIVE,7/10/18,
199383,CHANTAL,EVETT,ACTIVE,8/28/17,
270559,REBECCA,SYRIA,ACTIVE,1/6/19,
271635,DAVID,MATZ,ACTIVE,1/7/19,
2222222,Fname 2,Lname 2,TERM01,10/15/19,10/16/19
3333333,Fname 3,Lname 3,TERM01,10/15/19,10/29/19
44444,Fname 4,Lname 4,TERM01,10/7/19,10/8/19
55555,Fname 5,Lname 5,ACTIVE,,11/20/19
317014,ARISH,DHINGRA,ACTIVE,3/11/20,
10101010,Fname10,Lname10,STDUN1,1/10/20, 
6666666,Fname6,Lname 6,TERM01,1/10/20,1/23/20
7777777,Fname7,Lname7,DTH15,1/24/20,1/25/20